id,part,ok,fps,width,height,frames,duration_s,codec,error
003eff06ff100bc400cc64c54e1b9eb3,0004,True,25.0,1920,1080,747,29.88,h264,
005539f4a1934d69b4f9a18e941cb73b,0003,True,25.0,1920,1080,732,29.28,h264,
01c57941b8139eaa0b545f627a91e2d4,0002,True,25.0,1920,1080,731,29.24,h264,
01c94b742974d54d578f52e56301b2b1,0006,True,25.0,1280,720,747,29.88,h264,
01f195218e31ade886d8a79e8346d71d,0001,True,25.0,1280,720,743,29.72,h264,
02a1710451ebd60272ee8f09bb6c603c,0004,True,25.0,1280,720,734,29.36,h264,
037590bf7003aa7e0bc088980f746ba3,0007,True,25.0,1280,720,751,30.04,h264,
038ab347b6e7fae172a52d61c8e3c4e4,0005,True,25.0,1920,1080,729,29.16,h264,
049621bdde1c0c89234d8d868767e232,0001,True,25.0,1920,1080,750,30.0,h264,
049a820fb849e4de0065edada18072a2,0002,True,25.0,1920,1080,741,29.64,h264,
04c5b18b9e4740b0bb0ac72f7ebf5673,0004,True,25.0,1280,720,733,29.32,h264,
05596919cde82cb14021539d6ba35a69,0004,True,25.0,1280,720,749,29.96,h264,
05f0b8746d3d393c037508aa51f83715,0004,True,25.0,1920,1080,748,29.92,h264,
0635b44629f0cbf46796177a0954436e,0004,True,25.0,1920,1080,731,29.24,h264,
06780b6c8d835fbb217221c81b895a08,0004,True,25.0,1280,720,751,30.04,h264,
07014fcfaf595a588e6ca89383e9affa,0005,True,25.0,1920,1080,734,29.36,h264,
072378d081a470a2e9d728906ff578cd,0001,True,25.0,1920,1080,745,29.8,h264,
07c8fffbcc9a2ddc7c1f66f3aa195b73,0005,True,25.0,1920,1080,732,29.28,h264,
07ce28d7676174b56bc504e76ab047a2,0005,True,25.0,1920,1080,736,29.44,h264,
086e3f92af38834b11370fc004e56ef5,0001,True,25.0,1920,1080,751,30.04,h264,
093a05bc4f39becd94d2ada85314ac2a,0002,True,25.0,1920,1080,748,29.92,h264,
0957bc7e3d5851337ba15755f0cbb755,0003,True,25.0,1920,1080,733,29.32,h264,
097f737a8340f22d4d88c210df91a1f5,0005,True,25.0,1920,1080,728,29.12,h264,
09e2bc8c9ec17bf8c6b3125a144b23fb,0005,True,25.0,1920,1080,738,29.52,h264,
09f8259a7a1820d0cb1b99293afea7ea,0003,True,25.0,1920,1080,739,29.56,h264,
0a1bf5f55e2447c9c2ef547a0bbe0abe,0006,True,25.0,1920,1080,729,29.16,h264,
0ab10d6d8d8095c5c2c0c072d7f80945,0004,True,25.0,1920,1080,733,29.32,h264,
0ac258d9e8063e85e244b55bacaf82f6,0005,True,25.0,1920,1080,732,29.28,h264,
0b073587cda9ff6bee02bd1b2804da3b,0004,True,25.0,1920,1080,739,29.56,h264,
0b1bb9494268abd1c66685d84c16eaf4,0004,True,25.0,1280,720,738,29.52,h264,
0b37ad02fe8b7147857325f6ed5eb285,0001,True,25.0,1920,1080,745,29.8,h264,
0bd10b55c6fc5163d26355fa87165009,0006,True,25.0,1920,1080,735,29.4,h264,
0c1f629863b6cd36b07fd6c9ac49c3c7,0001,True,25.0,1920,1080,732,29.28,h264,
0cb552c11bef65bf7cd2c07005259788,0001,True,25.0,1920,1080,747,29.88,h264,
0d71734e9866cf2cf0b886674b152c74,0007,True,25.0,1280,720,729,29.16,h264,
0f01ce872072d847d87c1f771a580dee,0007,True,25.0,1920,1080,747,29.88,h264,
0f2d4aa33b2ccf3e83a088b207a58424,0003,True,25.0,1920,1080,750,30.0,h264,
0f63ab6a9086e802f7078438a78b9106,0004,True,25.0,1280,720,741,29.64,h264,
0f98af06b8d24a21dea6f4e2779491df,0004,True,25.0,1920,1080,742,29.68,h264,
0fa1f91112397d289b34fa0b0d7c8fdc,0002,True,25.0,1920,1080,748,29.92,h264,
0fb86ade0406e927454adad090c1442f,0005,True,25.0,1920,1080,746,29.84,h264,
0fcdccd73c3796ded936c065f031f9b5,0005,True,25.0,1920,1080,729,29.16,h264,
10033f55154f0dc2b37dcec563563f3f,0003,True,25.0,1920,1080,745,29.8,h264,
10302188727456683ca650f1f77e56bc,0005,True,25.0,1280,720,743,29.72,h264,
10b85758b6ee2d79ce7179220f02b4eb,0007,True,25.0,1280,720,745,29.8,h264,
10ef0c2d72e3f37cdd3795b2efdc87f8,0001,True,25.0,1920,1080,740,29.6,h264,
10f63a22f9d64f7913a67b92cf391cbd,0005,True,25.0,1920,1080,735,29.4,h264,
113e06e5ca04ec3d7ac2de32cf93d7d1,0005,True,25.0,1920,1080,744,29.76,h264,
11abd53ca85a81f3dbc57d3270e5ccef,0006,True,25.0,1280,720,727,29.08,h264,
11ef68871e7871e38b5e8cb3117d7211,0004,True,25.0,1280,720,728,29.12,h264,
1231b98be60862e3f452cf428fa49d99,0006,True,25.0,1920,1080,745,29.8,h264,
126793c873bb286531bfc6565e604a98,0006,True,25.0,1920,1080,734,29.36,h264,
14b2e1a4b9534b4bb3e8b2ff52515d45,0005,True,25.0,1280,720,746,29.84,h264,
157a16967c0d5ee0938973ee40bf5001,0006,True,25.0,1920,1080,739,29.56,h264,
15e8e93f9ffa1c5b2dcdbc18e6a1bc7a,0003,True,25.0,1920,1080,750,30.0,h264,
1614c8f05c8dc7c9726ca9409ed5a754,0004,True,25.0,1920,1080,739,29.56,h264,
16a20d931281724f69f8d9a95ca0b1b4,0001,True,25.0,1920,1080,750,30.0,h264,
16b4a85aadba4b1bd696f8e583fa7968,0005,True,25.0,1920,1080,742,29.68,h264,
16c2f8c656c1cc42b0dd70b991226b8b,0002,True,25.0,1920,1080,746,29.84,h264,
17114110c66fa81d2e900366710c6002,0007,True,25.0,1280,720,731,29.24,h264,
173aae33e88a96def7bc4dd23a6a49bc,0002,True,25.0,1280,720,750,30.0,h264,
17aa72261aa92d7a6a0905e617dbb8bc,0004,True,25.0,1920,1080,749,29.96,h264,
182f242e6ae729f14514218b65a09c08,0001,True,25.0,1920,1080,737,29.48,h264,
1836db81c6d9c7d8cf9acfe78583734f,0007,True,25.0,1280,720,728,29.12,h264,
189076fdeeee35dd5fc0d46826d6980d,0007,True,25.0,1920,1080,740,29.6,h264,
18c047af0b995b7303bbed102a13339c,0007,True,25.0,1920,1080,743,29.72,h264,
191673a91dec34935d0cce3e4499408a,0001,True,25.0,1280,720,730,29.2,h264,
1925034217f326d7f0c5e321fb007a50,0004,True,25.0,1920,1080,731,29.24,h264,
1a3e6c636ab7f5dfff9418d1323d56e8,0006,True,25.0,1280,720,737,29.48,h264,
1a5d959cb7c649865f26871623d5ab09,0003,True,25.0,1920,1080,729,29.16,h264,
1a6de2d182f6d79190d8b1de2e1a78af,0006,True,25.0,1920,1080,732,29.28,h264,
1a8ac5a44d0d33f8bf26947af509b271,0002,True,25.0,1280,720,748,29.92,h264,
1b1a7595ac46d7255341a00967c2d31c,0007,True,25.0,1920,1080,747,29.88,h264,
1b5a7b0d530a8c13010e6685c4523d70,0002,True,25.0,1920,1080,728,29.12,h264,
1b96c6307fd122e92c050de1d638fbe3,0005,True,25.0,1920,1080,748,29.92,h264,
1c1c5f5e74d223048d05acd54f5c42c4,0003,True,25.0,1920,1080,749,29.96,h264,
1ce98b558c9788b87adb3e2c03f03a3f,0004,True,25.0,1920,1080,751,30.04,h264,
1d0b09c2124296822ac13568146526bf,0004,True,25.0,1280,720,751,30.04,h264,
1d1edcd19c9ec4942b6cfc8436594c8f,0004,True,25.0,1920,1080,750,30.0,h264,
1d7942d6a2b04be0af408cf16744cc7b,0002,True,25.0,1280,720,741,29.64,h264,
1d7d97e6dd046eff8674305ea27a6a70,0002,True,25.0,1280,720,731,29.24,h264,
1d957fee761842edcb3b06838c6bbabf,0002,True,25.0,1280,720,729,29.16,h264,
1dfc0aa85bdaee02d4f82f1f8a653805,0002,True,25.0,1920,1080,737,29.48,h264,
1e362d94a4ab0106ef9b24bcf9e7fb99,0003,True,25.0,1920,1080,748,29.92,h264,
1e36d0199d6422391ca3f79bb4443625,0001,True,25.0,1280,720,744,29.76,h264,
1f3d5830edc9537fd046e30cff077dc6,0001,True,25.0,1920,1080,728,29.12,h264,
1f58da8a220bdc2e495f891b27051ba3,0006,True,25.0,1280,720,727,29.08,h264,
1f8ef2f14a9c1546f7feddaddd8bdb81,0007,True,25.0,1920,1080,748,29.92,h264,
1fde03f9f84485a988cdd559e4c970b7,0005,True,25.0,1280,720,749,29.96,h264,
20023ba7c91f1adacc6fc146be714387,0003,True,25.0,1920,1080,730,29.2,h264,
20645398e597db02f89b37974105a0d2,0003,True,25.0,1280,720,751,30.04,h264,
206eadaa31a69e3db4c043adc0419713,0007,True,25.0,1920,1080,751,30.04,h264,
2100b7f29ae56ef774324f49c256e5c1,0002,True,25.0,1280,720,749,29.96,h264,
214f2df555c0c6cf299916804af199a3,0006,True,25.0,1920,1080,741,29.64,h264,
215fa0fe96a8c03965cf0188830d2369,0006,True,25.0,1280,720,743,29.72,h264,
2162da2429d894713721bccd67cb7cc6,0006,True,25.0,1920,1080,750,30.0,h264,
21770ad067b5991b93d864b0542b7cab,0002,True,25.0,1920,1080,749,29.96,h264,
21824e937213ab0ff9d6b3b88fa1046a,0004,True,25.0,1920,1080,751,30.04,h264,
2198f7dca3a858ac0d56d7a62648fcc6,0001,True,25.0,1920,1080,741,29.64,h264,
21ad34781f9194f35f28091d3bcd8dab,0005,True,25.0,1920,1080,747,29.88,h264,
21fbe630eff9a16da47d23e8ba807947,0007,True,25.0,1920,1080,732,29.28,h264,
22078807b870e690de3762539a4d51c3,0003,True,25.0,1280,720,749,29.96,h264,
222b8b1fb5e8a8f4da459f63a8a409f7,0001,True,25.0,1280,720,739,29.56,h264,
243a49095c446c6929e4578e6b34954a,0005,True,25.0,1920,1080,730,29.2,h264,
2503f56f73e7e060624f3155afc6237e,0005,True,25.0,1920,1080,749,29.96,h264,
2517003e5ad39c5a4112cf672823f76e,0003,True,25.0,1280,720,736,29.44,h264,
25774cd1fe4e2d5f0f2407a77f1bcd1c,0007,True,25.0,1920,1080,741,29.64,h264,
25d43842a001a3661c75bafc2a65901d,0004,True,25.0,1920,1080,727,29.08,h264,
261c86e82f28cebffa3d8e29278399c9,0006,True,25.0,1920,1080,729,29.16,h264,
264d5d023b68f6e106d27a3b7cc94217,0007,True,25.0,1920,1080,750,30.0,h264,
265cfc5a8105a0f0724d374aca5a4f18,0007,True,25.0,1280,720,733,29.32,h264,
270f0d91a8e967cef9800067cd2e13d1,0004,True,25.0,1920,1080,727,29.08,h264,
273441d7fe3ef8512719a05e786f9327,0004,True,25.0,1280,720,735,29.4,h264,
2734cdb20b84d922a230869dba9c3d48,0005,True,25.0,1280,720,727,29.08,h264,
27354c039c467f2e345525c47f831581,0002,True,25.0,1920,1080,731,29.24,h264,
27560339857cb915323f1d28fffaefbb,0007,True,25.0,1920,1080,740,29.6,h264,
27d28fe04cb984bc0d53ba5c65b8c0e2,0004,True,25.0,1920,1080,741,29.64,h264,
2858ed24853e0bbf8f0384ebea09f2f5,0006,True,25.0,1920,1080,729,29.16,h264,
2859b1c8ce210534d8db02cdbafe79be,0003,True,25.0,1920,1080,742,29.68,h264,
288be7d776a6f3e284ff3978722d9ad3,0007,True,25.0,1280,720,751,30.04,h264,
288e94612ef72f02184900b555fa2461,0001,True,25.0,1920,1080,739,29.56,h264,
29e17d40c1f61244fc469162e74c7783,0003,True,25.0,1920,1080,729,29.16,h264,
29f87d7a2b813aeca52b74b295e51ea3,0002,True,25.0,1920,1080,750,30.0,h264,
2aae90bdd44bff9d96bbf7899df2f2c7,0006,True,25.0,1920,1080,729,29.16,h264,
2b53b9ff8add71b48b4431b6f369d510,0002,True,25.0,1920,1080,751,30.04,h264,
2b97797d4c67a12834aa80800ddc32d4,0006,True,25.0,1920,1080,739,29.56,h264,
2ba3a3e70a4c668953c78e5c9dcbfe61,0001,True,25.0,1280,720,734,29.36,h264,
2bbd912c09e932a60d60630b3ad90540,0003,True,25.0,1920,1080,734,29.36,h264,
2bc31391b802239f8c71032325e4b667,0003,True,25.0,1920,1080,747,29.88,h264,
2bd17290591e014aa359089cba010bd2,0001,True,25.0,1920,1080,746,29.84,h264,
2be478ce6a78ac304a3b17fd1e701ca1,0003,True,25.0,1920,1080,742,29.68,h264,
2c1b1b3f0d241a7b08198b041739915c,0005,True,25.0,1920,1080,740,29.6,h264,
2c7459c0f3ca1272ec8bfcdcd05f8676,0007,True,25.0,1920,1080,740,29.6,h264,
2ca1eb0a6c844bb13c59573410753bfe,0006,True,25.0,1280,720,735,29.4,h264,
2d3526c6874e23a1d0ca7b5264597da5,0004,True,25.0,1280,720,741,29.64,h264,
2ddfebd83af6f58a6b5d2c4613eaa7f0,0004,True,25.0,1280,720,730,29.2,h264,
2de0186f856c52e7cbcfe3317a5ab33a,0004,True,25.0,1920,1080,736,29.44,h264,
2df6083bd93907c9794b4c698f492abd,0001,True,25.0,1920,1080,740,29.6,h264,
2e115b76df11491f0a5898d3cefab132,0001,True,25.0,1280,720,728,29.12,h264,
2e5b4771c2c06df9bb30d1b76eb5bce9,0007,True,25.0,1920,1080,737,29.48,h264,
2e86e18454c238d835575a6fdefc34f5,0004,True,25.0,1920,1080,742,29.68,h264,
2ecee73c2ee0a880331b41481fa66aab,0003,True,25.0,1920,1080,743,29.72,h264,
2f32893a9084f0a83a6fbf1345e9f61a,0004,True,25.0,1920,1080,731,29.24,h264,
2f7e4a809b813191fd14f961bf589713,0001,True,25.0,1920,1080,743,29.72,h264,
2fb09410b892555dc4591ebc1df0615e,0007,True,25.0,1920,1080,739,29.56,h264,
2fe0eeeec48a4ad07ea7d36bdbd67c2d,0006,True,25.0,1920,1080,733,29.32,h264,
300bf848046e67295a4144198bbd4c10,0005,True,25.0,1920,1080,745,29.8,h264,
307052f74de2f0936560cfd322211123,0002,True,25.0,1280,720,741,29.64,h264,
317e8e32857d49b8d34b01be11289ee1,0007,True,25.0,1280,720,745,29.8,h264,
320804f2464dcbfc0dc7593b6b427cca,0003,True,25.0,1920,1080,749,29.96,h264,
325388e9d051c6632f8a8acc5be0e7af,0002,True,25.0,1920,1080,749,29.96,h264,
32aa847182196c94a6bf0a177f7f6647,0001,True,25.0,1920,1080,742,29.68,h264,
32b4f9960b5b5e112e97baa13db65025,0006,True,25.0,1920,1080,736,29.44,h264,
32bad4f5452069b7348f4f6cae168d29,0003,True,25.0,1920,1080,746,29.84,h264,
32cd15ba93e8d01e9ea877e6c35724a6,0005,True,25.0,1920,1080,738,29.52,h264,
32f7accc4d28d7e210ae5b12b9e62c8d,0003,True,25.0,1920,1080,734,29.36,h264,
3316b3f3eb4e92bac9215bad917a59b9,0001,True,25.0,1920,1080,744,29.76,h264,
339d9c91069d92adae109946f0f7f1a2,0004,True,25.0,1920,1080,750,30.0,h264,
33ee57a8f82b1ce7c8508bab03edc985,0002,True,25.0,1920,1080,745,29.8,h264,
3428c030ecb53e6439b4d6ca3115b22a,0004,True,25.0,1920,1080,730,29.2,h264,
35590690846b7603898100bdda1f37b4,0002,True,25.0,1920,1080,732,29.28,h264,
3585b9a23e7369ac7428d04dab618da3,0001,True,25.0,1280,720,747,29.88,h264,
3615b5faf970439ecd29ae51f44f255b,0006,True,25.0,1920,1080,737,29.48,h264,
3625a45035287ccb73a17b867b1a584b,0007,True,25.0,1920,1080,734,29.36,h264,
364f6f35cd0c3b54bc6fc64075c89fd2,0005,True,25.0,1920,1080,739,29.56,h264,
377fb65e254082c415befe1ac406452c,0003,True,25.0,1920,1080,729,29.16,h264,
37a8425d29a223ee70268c4ed4636fc1,0002,True,25.0,1280,720,728,29.12,h264,
37e03dd4447bd4ce146a0d22535b2a85,0002,True,25.0,1920,1080,730,29.2,h264,
37f1a2938bbb571d9693a8070c1e889b,0005,True,25.0,1280,720,749,29.96,h264,
382f77f16d82a0dc0be81979cf812376,0006,True,25.0,1920,1080,737,29.48,h264,
383178ebb5c800b2144f3a283ff708b2,0005,True,25.0,1920,1080,727,29.08,h264,
387d0f85cefc84f7e803282a89817536,0007,True,25.0,1920,1080,731,29.24,h264,
38d4fea633ae248db968f8dc6db69840,0006,True,25.0,1920,1080,751,30.04,h264,
395c556c76f47b7f8ad3414792dc60d2,0007,True,25.0,1280,720,751,30.04,h264,
3a120d9245c93f90915266dedbc6dbd2,0007,True,25.0,1920,1080,743,29.72,h264,
3b0110fd4f1c519ef2397d7741d83169,0002,True,25.0,1920,1080,750,30.0,h264,
3bcf7f12cbd023cff5c68c3ad65766d8,0005,True,25.0,1280,720,742,29.68,h264,
3c0743c41c4929b8a3c14bf89ad2c597,0001,True,25.0,1920,1080,731,29.24,h264,
3c5fe847c63785a150d5dfbee87ffcd1,0003,True,25.0,1280,720,750,30.0,h264,
3ce2f5f4f2959a067ccc5d56ecb0f7ca,0005,True,25.0,1920,1080,727,29.08,h264,
3d03479ba023252fdc21861c260c7eb6,0005,True,25.0,1280,720,736,29.44,h264,
3d3e5e632f7f9f431dcdabb33290a1f6,0002,True,25.0,1920,1080,736,29.44,h264,
3d4527ebabe8493ed4f9ed03ef6510b4,0001,True,25.0,1920,1080,739,29.56,h264,
3da7b28c37d16949939c11643025577f,0003,True,25.0,1920,1080,730,29.2,h264,
3daa1025aa4b14c517002236eb6f3fd9,0004,True,25.0,1920,1080,740,29.6,h264,
3e4762ccedf45efb02d7dfae8d229808,0004,True,25.0,1920,1080,731,29.24,h264,
3e633239877b32bd971366b328a0f0c9,0001,True,25.0,1280,720,748,29.92,h264,
3e93a9f46a9e2e9e225c914708132992,0002,True,25.0,1920,1080,745,29.8,h264,
3f14e5b775c1af77b3ee9dad6090e842,0004,True,25.0,1280,720,751,30.04,h264,
3f2022950f53595f11e9e5215ce74731,0002,True,25.0,1920,1080,736,29.44,h264,
3fb9c8ca949a102f78d26aafd754f26a,0003,True,25.0,1920,1080,729,29.16,h264,
3fd7a193c034cc21650d5a3b33800acc,0006,True,25.0,1920,1080,747,29.88,h264,
425546a5d9f267775d94317a65776264,0001,True,25.0,1920,1080,734,29.36,h264,
42f7843d78e97e6a6d67dd45758cf0b6,0004,True,25.0,1920,1080,728,29.12,h264,
431a05a0c1978f286a67d68fdcf8b5bb,0005,True,25.0,1280,720,728,29.12,h264,
445a1eab58632811d505bf6ece5d9c5d,0003,True,25.0,1920,1080,728,29.12,h264,
453b49eb6f547f13e21a0cbdf5c79abc,0003,True,25.0,1280,720,745,29.8,h264,
454e3f2cd85c8d21ba4a7a6374737481,0003,True,25.0,1920,1080,744,29.76,h264,
45570f4fde916a6306aee88f61aed334,0001,True,25.0,1280,720,733,29.32,h264,
455b8fc8329b659f4685c06d003ac555,0003,True,25.0,1280,720,741,29.64,h264,
455fb94c0cf8b9052e7aa0767f18c9e9,0003,True,25.0,1280,720,728,29.12,h264,
46ef3f291fb521bce9a011f025acd2e7,0003,True,25.0,1280,720,750,30.0,h264,
47016ec3cc01702384aecaeaa0a34b74,0001,True,25.0,1920,1080,737,29.48,h264,
479dfba63b0327f05c371c05a2bc7937,0001,True,25.0,1920,1080,727,29.08,h264,
47a5e617f70bc4a80b5de6d629290f2d,0001,True,25.0,1280,720,751,30.04,h264,
47b529b77c653da7955ea180904e27d9,0007,True,25.0,1920,1080,746,29.84,h264,
482d9a1bab4c6a5ad668580dca5fe69d,0006,True,25.0,1280,720,739,29.56,h264,
4aefc57dcb8fe0b28e48d780e07435c7,0003,True,25.0,1920,1080,742,29.68,h264,
4b07971bbf7a8a2f32a455c9216b30b6,0006,True,25.0,1920,1080,728,29.12,h264,
4b372119cb4026c8c965cbcbbdbbb52e,0004,True,25.0,1280,720,744,29.76,h264,
4b822b2dfd984c4a41bc7b35c40b41c1,0006,True,25.0,1920,1080,740,29.6,h264,
4c5e35aefe41d8283b81e947dc2e563f,0006,True,25.0,1920,1080,738,29.52,h264,
4d068bc51c874a40cceb88ba9db24aee,0001,True,25.0,1920,1080,746,29.84,h264,
4ddb7b3c68b277c592ad217868029ddb,0006,True,25.0,1280,720,745,29.8,h264,
4de58be8945793b65c16fa2c35280dc0,0006,True,25.0,1920,1080,750,30.0,h264,
4dfbf95f8b8f159dc311f5f01f5cf090,0003,True,25.0,1920,1080,734,29.36,h264,
4e4d14dad1d7427dbf2cf51ec161ff7d,0007,True,25.0,1920,1080,746,29.84,h264,
4e9e9423386ef122abd2f90ca53d140b,0005,True,25.0,1920,1080,736,29.44,h264,
4e9ea96435e57ca6696552aca37aeea2,0003,True,25.0,1920,1080,736,29.44,h264,
4ee9a74864a32c845f04ae36c0b50e6a,0001,True,25.0,1280,720,743,29.72,h264,
4f6a703ec17a8c391ad7fffed5e5a1be,0003,True,25.0,1920,1080,739,29.56,h264,
4fcd4215a250ac75d2868bcc7ce75dad,0003,True,25.0,1920,1080,729,29.16,h264,
4fcf8510c4d7788dcf241c092c354ea4,0004,True,25.0,1920,1080,727,29.08,h264,
5016ca1005fac52c23a048d47e73378d,0002,True,25.0,1920,1080,747,29.88,h264,
50208b3aee22ff5231cc4c755c7fa325,0004,True,25.0,1920,1080,731,29.24,h264,
502edf6232559be9ff33b221e44b241b,0002,True,25.0,1280,720,747,29.88,h264,
50a3128a7af88404ba5b1bdf199902c7,0003,True,25.0,1280,720,749,29.96,h264,
510269c93793d9880388494d713290a8,0007,True,25.0,1920,1080,735,29.4,h264,
52695950c0d641452cb44f48dfa4af8d,0004,True,25.0,1280,720,733,29.32,h264,
52787427149146d8ba3b50d22779c76b,0006,True,25.0,1920,1080,737,29.48,h264,
52ec4ad273873f76348dafee4ae22719,0002,True,25.0,1920,1080,729,29.16,h264,
5326fcef0a53311ec6aece8063b85db0,0002,True,25.0,1280,720,732,29.28,h264,
53994288998e1aaa15534b6add36bb28,0007,True,25.0,1920,1080,738,29.52,h264,
53a1071f66a10357d6ea5c0f602d1917,0004,True,25.0,1280,720,737,29.48,h264,
53bd704e766baeafe5f8020165acd25c,0007,True,25.0,1920,1080,748,29.92,h264,
53ffa18362de955e68a8f13238f79541,0005,True,25.0,1280,720,730,29.2,h264,
54891ac980e48ff96a7c56541f3417f4,0003,True,25.0,1920,1080,749,29.96,h264,
55bade5748e66cbb22efbd3768ead06d,0006,True,25.0,1280,720,746,29.84,h264,
56e1612404b2119bcbf0b504b3681df3,0005,True,25.0,1280,720,732,29.28,h264,
5712695f31d8131ae020b20e8e307a6c,0003,True,25.0,1280,720,751,30.04,h264,
57639bbd8f06b6d5989799cf8236d824,0003,True,25.0,1920,1080,738,29.52,h264,
5766d851118cb4c26d645af711fa6aa8,0005,True,25.0,1280,720,743,29.72,h264,
57a25a2ad059e07f38df3846ba259158,0003,True,25.0,1280,720,728,29.12,h264,
57d77bc7d279f6e0abaec326d1809387,0002,True,25.0,1920,1080,730,29.2,h264,
59f135bf1b1480e883e7ae3d360d504b,0007,True,25.0,1920,1080,738,29.52,h264,
5b0ee22a6717af65ec581d3a7d4c430a,0007,True,25.0,1920,1080,730,29.2,h264,
5b2ff64562cf3a6775a97a44dd08f5f2,0002,True,25.0,1280,720,737,29.48,h264,
5b4e71575a0a1b53afcc2a9ed928254d,0007,True,25.0,1920,1080,729,29.16,h264,
5b678088d7262356c62bfe899014dc05,0004,True,25.0,1920,1080,733,29.32,h264,
5b86024b8b5a5df3d75abca8eb146c57,0001,True,25.0,1920,1080,732,29.28,h264,
5b984eb404812b85b445d7f4ddd9f4cd,0002,True,25.0,1920,1080,740,29.6,h264,
5b9df4567162a526dde7469d6f0c15f5,0005,True,25.0,1920,1080,733,29.32,h264,
5bf68e0476cd22f061d16d0036b56180,0007,True,25.0,1280,720,731,29.24,h264,
5c43fff1c0b80121f0f2c25c1841d516,0007,True,25.0,1920,1080,749,29.96,h264,
5cd7be6db0da8c71fb2bad47f65f180c,0007,True,25.0,1280,720,747,29.88,h264,
5ce8e162a2b6eb7a91c1408ef55d6860,0007,True,25.0,1920,1080,743,29.72,h264,
5d1084a660c9288d11b0c94b67755fee,0002,True,25.0,1280,720,743,29.72,h264,
5db865ac69434e321fc3cf089e39558a,0001,True,25.0,1280,720,736,29.44,h264,
5de54291a4620c7d8dae1ad15d2e5f13,0006,True,25.0,1920,1080,750,30.0,h264,
5e6634e45676eeeb6d2e27785bd95e2a,0005,True,25.0,1920,1080,742,29.68,h264,
5e9c978644c6254e130becd62a999565,0006,True,25.0,1920,1080,747,29.88,h264,
5ebd1079c26705c6ed1258d627432c47,0006,True,25.0,1920,1080,735,29.4,h264,
5eee5ed6d55cc8364fe7c0ee763735db,0006,True,25.0,1920,1080,747,29.88,h264,
5efebdd1bf39658deaac27a425c6bb2a,0004,True,25.0,1920,1080,734,29.36,h264,
5f5c484fea625e3ba3428a97e75bcefa,0004,True,25.0,1920,1080,727,29.08,h264,
5f87d28edf658349f0e0a9046b95c351,0002,True,25.0,1920,1080,732,29.28,h264,
5f9b34c3ec1bae55b04ecb4ed63dce0b,0002,True,25.0,1920,1080,742,29.68,h264,
5fe7642acde78b9546532115e9df8d8c,0002,True,25.0,1920,1080,743,29.72,h264,
6011973b95548aac87ea4b2cd8a0177b,0007,True,25.0,1920,1080,742,29.68,h264,
606334f390d56bb22bfd194b2f814288,0004,True,25.0,1280,720,744,29.76,h264,
60c1dff6298f3346df5b14370c77d412,0001,True,25.0,1920,1080,742,29.68,h264,
60fa3cad6d41f765264d10a59502e5cf,0006,True,25.0,1920,1080,729,29.16,h264,
6108a686203f7be75a52118bb723d926,0005,True,25.0,1920,1080,751,30.04,h264,
613f9451fd97bb73770aa331c4fd30f4,0007,True,25.0,1280,720,736,29.44,h264,
62117e638fdda0ee09c1b3d65c09fb44,0006,True,25.0,1920,1080,735,29.4,h264,
631008c6ded295546020ec99b64e6ca1,0002,True,25.0,1920,1080,742,29.68,h264,
632552669694740602f5d3a84bec31aa,0005,True,25.0,1920,1080,751,30.04,h264,
637d65ecb39d7579e3976f9e3b196951,0001,True,25.0,1920,1080,738,29.52,h264,
642b903df1c2ab111863c92837b027b4,0001,True,25.0,1280,720,728,29.12,h264,
64417726c727bd2039637b7378be9871,0003,True,25.0,1920,1080,735,29.4,h264,
64740709a723311a3fbd13bac4feec40,0001,True,25.0,1920,1080,744,29.76,h264,
651ee775650097dfadaa49467d97a45a,0004,True,25.0,1920,1080,747,29.88,h264,
664139212299a4a2e9d00ac3375a6ee6,0002,True,25.0,1280,720,736,29.44,h264,
6680e9291dc15502259d05b7ba04a3a5,0007,True,25.0,1920,1080,750,30.0,h264,
6701ab38a44655b339687ec763426497,0001,True,25.0,1280,720,734,29.36,h264,
6751fada42e7e7e514c81e27f693b10b,0006,True,25.0,1280,720,751,30.04,h264,
678506597ff38c1afda9e214c34dc73c,0007,True,25.0,1920,1080,736,29.44,h264,
67cdb0a5af9228e04a38088173ffbfb0,0003,True,25.0,1280,720,741,29.64,h264,
67f21222da3805893b1206ebc340e8ef,0007,True,25.0,1280,720,751,30.04,h264,
687b491ee3cc046b2a534818d40f5b48,0001,True,25.0,1280,720,733,29.32,h264,
68d83890282630d4ac23b59c4a5f1a45,0001,True,25.0,1920,1080,728,29.12,h264,
68db2f1349c968cd194a72e4569ea882,0003,True,25.0,1920,1080,750,30.0,h264,
696926f13a780f6c060384ad240248c7,0001,True,25.0,1920,1080,750,30.0,h264,
69c06a3edc7dbc55fa7954637151c69f,0007,True,25.0,1920,1080,747,29.88,h264,
6a27194a0ecec71e6d46184e5b6d527b,0004,True,25.0,1920,1080,738,29.52,h264,
6a64ee28e700c7b0d80c0423c43ef662,0002,True,25.0,1920,1080,727,29.08,h264,
6a899286349ba557159b7b6688bd58d4,0005,True,25.0,1280,720,730,29.2,h264,
6ac654704b1a60083da35750633cd8b1,0007,True,25.0,1920,1080,745,29.8,h264,
6af87f421be299906a5eb841b43d791e,0004,True,25.0,1280,720,728,29.12,h264,
6b527424f8437032a27521805409c2e7,0001,True,25.0,1280,720,734,29.36,h264,
6b6a332424ac160e1a74af9f9b802e27,0004,True,25.0,1920,1080,731,29.24,h264,
6c10013412138c96ed109535217ed187,0002,True,25.0,1920,1080,734,29.36,h264,
6c56533e8221fd9b95dd21d2fda05648,0001,True,25.0,1920,1080,751,30.04,h264,
6c712ab9b54044ca9a7cbd9e439ae172,0001,True,25.0,1920,1080,731,29.24,h264,
6d365799e289252be1a32913d4e2199f,0003,True,25.0,1920,1080,750,30.0,h264,
6da956585e85d02d5ae66268d08c1f0a,0007,True,25.0,1920,1080,727,29.08,h264,
6dbd9f34be72bf11c06599f0232035fe,0004,True,25.0,1280,720,730,29.2,h264,
6dcec983f04cba4855a724df071bea03,0003,True,25.0,1920,1080,731,29.24,h264,
6de7fef247f3a49322c5bc5822640e8e,0001,True,25.0,1920,1080,728,29.12,h264,
6e30d3e01e5c49eaa4d8cd3d01b6ec16,0005,True,25.0,1920,1080,748,29.92,h264,
6ea2fbc4f84845688f5c4b6c3ad85920,0001,True,25.0,1920,1080,746,29.84,h264,
6ea50ca7439ff209a1c86143ce3f1a4a,0001,True,25.0,1920,1080,740,29.6,h264,
6f1dc17db0899646d0d98365fe5b014c,0002,True,25.0,1920,1080,739,29.56,h264,
6f254b969a1594a36dfdc56d0b42ef8d,0007,True,25.0,1280,720,729,29.16,h264,
6f53deb4a3e7c72b90f74a7fa808ab10,0002,True,25.0,1920,1080,747,29.88,h264,
6f77beb1fa113dc41ffcf612f07be6c0,0003,True,25.0,1920,1080,738,29.52,h264,
6f8dd005c5fd14877e02546e4f6c8b1e,0006,True,25.0,1920,1080,733,29.32,h264,
6fa4c37bc9500f93f51e6d11364ef95c,0004,True,25.0,1280,720,745,29.8,h264,
6fca1a7d42f4d8ef21bd0fbba47d350c,0001,True,25.0,1920,1080,734,29.36,h264,
70fe8e4441878ef3e15fe2abe864afa5,0004,True,25.0,1280,720,730,29.2,h264,
7170d6fa15586f19c93a0c857aad2cc1,0006,True,25.0,1920,1080,734,29.36,h264,
71a53486cb185121ae342a0a19e8ec4e,0004,True,25.0,1920,1080,735,29.4,h264,
7311b6d3eeb58390369d97716a9dfe47,0007,True,25.0,1280,720,729,29.16,h264,
7347817a3ff7746bb637e7f539f383a9,0004,True,25.0,1280,720,737,29.48,h264,
73879f3b1849659f69c771b0437db798,0006,True,25.0,1280,720,741,29.64,h264,
74146be18d84929b83f01f45e98b466a,0002,True,25.0,1280,720,751,30.04,h264,
7484b3df96c1ff386583e57c215613be,0006,True,25.0,1920,1080,745,29.8,h264,
74cd77b9f2d29feb1a6e1ced189115b5,0005,True,25.0,1920,1080,744,29.76,h264,
74ec0d368cdf36bac8104c9a6444f005,0003,True,25.0,1920,1080,747,29.88,h264,
751892721f430c8781903ee6d444931c,0001,True,25.0,1920,1080,744,29.76,h264,
75636c0e930bc8758a14cc9ed269a6c3,0004,True,25.0,1280,720,740,29.6,h264,
75873724da03ad6e6131deff379d297a,0004,True,25.0,1920,1080,748,29.92,h264,
75ab518f7ad3eeb692c8b8e047710386,0007,True,25.0,1280,720,751,30.04,h264,
75de065f0d59938dfa7ce0e745cc7548,0007,True,25.0,1920,1080,751,30.04,h264,
763b9db88c63f7a607675ebf881a1b54,0002,True,25.0,1280,720,746,29.84,h264,
764a475824a0e3f22248605d59b3030a,0004,True,25.0,1280,720,736,29.44,h264,
77d6a4eb09e06337f22e516da56f676c,0005,True,25.0,1280,720,741,29.64,h264,
785906465dcd637f5794c0f9522fec68,0006,True,25.0,1280,720,751,30.04,h264,
786d59eef0c63cd5c68175a8abc588dc,0005,True,25.0,1920,1080,729,29.16,h264,
7954c9b361a9002ae28454151a3a6135,0007,True,25.0,1920,1080,634,25.36,h264,
7971703b5d03bb74e90b4655bbb9ba29,0003,True,25.0,1920,1080,751,30.04,h264,
7990ce74f8c62b7515c1eed68b9edd88,0003,True,25.0,1920,1080,736,29.44,h264,
79a347b0d37f254d37c37560b8bfa2c1,0003,True,25.0,1280,720,733,29.32,h264,
79af6000c53f070995b045abbd306db3,0005,True,25.0,1920,1080,730,29.2,h264,
79bb53f7447a3f99fc2041f88a2fb1c1,0001,True,25.0,1280,720,736,29.44,h264,
7a6d3b7f10476923babef74d479128f5,0006,True,25.0,1920,1080,729,29.16,h264,
7a9bec4773de832159d3c392c0008f10,0006,True,25.0,1920,1080,732,29.28,h264,
7b2f0757bc8492a42f59458a74c7298b,0002,True,25.0,1280,720,746,29.84,h264,
7b359adecad4ebfbf0370635a5cf238b,0007,True,25.0,1920,1080,747,29.88,h264,
7b5feff212202e6142e29ec24bfdb873,0007,True,25.0,1920,1080,751,30.04,h264,
7b7d84dafcb1d1c9dbb36dd423494ca0,0002,True,25.0,1280,720,728,29.12,h264,
7b81126a27406addbd215f90b4374b9a,0001,True,25.0,1920,1080,749,29.96,h264,
7bbca989b2e79631d38b2525c7f8d90b,0002,True,25.0,1920,1080,748,29.92,h264,
7be3c31a3e9dba1b948afec8473056a6,0001,True,25.0,1920,1080,730,29.2,h264,
7c5b2ac93c51f93f5bf1266b562d0bdf,0007,True,25.0,1920,1080,729,29.16,h264,
7c815dbf697012c2ca224983a2f3acc9,0006,True,25.0,1280,720,745,29.8,h264,
7d1a2e5e917b21a5a638d84f52cc1765,0003,True,25.0,1920,1080,730,29.2,h264,
7d99c20c5ce8392c9579cfcb40d5e700,0006,True,25.0,1920,1080,748,29.92,h264,
7e0768e826a15b4385325476965a5de8,0003,True,25.0,1920,1080,751,30.04,h264,
7e5bad1dd8e1c87e7e4ebc33aab20e35,0004,True,25.0,1920,1080,742,29.68,h264,
7f1ae8d892af650fede25966c10fd7ba,0002,True,25.0,1920,1080,739,29.56,h264,
7f37fc8fe81c759dc378532e63954e6c,0005,True,25.0,1920,1080,734,29.36,h264,
7f3c551b074c624cafc7eb3c672e7e19,0001,True,25.0,1280,720,727,29.08,h264,
7f937202dcb58841b469fcca52767580,0001,True,25.0,1920,1080,740,29.6,h264,
7fcb092db8e99d028940e4d8b72e4fa5,0002,True,25.0,1920,1080,751,30.04,h264,
8125e721daebdc6b185a0a1c6272c337,0001,True,25.0,1920,1080,747,29.88,h264,
817c8d3f5587eff6c54a4481ea1bfca8,0005,True,25.0,1280,720,730,29.2,h264,
81b632f434cc8eea4ba3d6554d15b3fe,0004,True,25.0,1280,720,751,30.04,h264,
8267232e8499e21db67eb2d6ca72b144,0006,True,25.0,1920,1080,747,29.88,h264,
833ea314a902d0a36fed0dfcb86e08ac,0002,True,25.0,1280,720,738,29.52,h264,
83489c97437f217c0d15743722675503,0006,True,25.0,1920,1080,735,29.4,h264,
83add7db257d8068eacb256351ad306d,0002,True,25.0,1920,1080,729,29.16,h264,
845ebbf73f3bc4f37928de8e470d528c,0003,True,25.0,1280,720,732,29.28,h264,
8605a3cc7e4b4d0a09fbfd1853641d49,0007,True,25.0,1920,1080,735,29.4,h264,
862d35c0aa2cf5a3c87282d49c52e811,0005,True,25.0,1280,720,728,29.12,h264,
866de60735286bac296ed7efd6e9d483,0004,True,25.0,1920,1080,748,29.92,h264,
8682868f62d6d66dbdd5321ffcafd15f,0003,True,25.0,1920,1080,739,29.56,h264,
86d9728d6f3acc63cd60468ee91f51cc,0004,True,25.0,1920,1080,731,29.24,h264,
875ba13da7da91d44f41561bb598d69d,0002,True,25.0,1920,1080,732,29.28,h264,
87d055b9ff741befaa41fed788844810,0006,True,25.0,1920,1080,735,29.4,h264,
887c979e802a9dcced522c72d990bdf5,0005,True,25.0,1920,1080,734,29.36,h264,
8995ab7a0c7da9aebc524bd2210b265f,0003,True,25.0,1920,1080,747,29.88,h264,
89cd24c00507b54a6ac7b5e5ba1ff909,0003,True,25.0,1280,720,739,29.56,h264,
8a578f5c41d0decb82f4b162feecef11,0002,True,25.0,1280,720,730,29.2,h264,
8ae067dade0a863381851bded4aa69fd,0005,True,25.0,1280,720,736,29.44,h264,
8be77026ecc031f57522c253d0158b35,0001,True,25.0,1920,1080,744,29.76,h264,
8c5938cd06a136193820109e71dcecdc,0007,True,25.0,1280,720,751,30.04,h264,
8c8844050cb4556d352e93715eec8cea,0001,True,25.0,1280,720,741,29.64,h264,
8cfdd73d6f39f911986294a10332b678,0002,True,25.0,1920,1080,740,29.6,h264,
8d75c4e830b7aa828af860780269ee43,0004,True,25.0,1920,1080,750,30.0,h264,
8d86fd06fa626d7beeeafc103189ee98,0004,True,25.0,1920,1080,741,29.64,h264,
8e243c3e47e4b3c4fa3d56bfdf90fb45,0005,True,25.0,1920,1080,743,29.72,h264,
8e2b6585228e3b1b71696c2b0d9113d7,0004,True,25.0,1920,1080,733,29.32,h264,
8ebfbd33b4b897bbc5d024b6df8c6af4,0005,True,25.0,1920,1080,733,29.32,h264,
8ee5244ed7c2c0ffa92bb4c6f3793c9f,0001,True,25.0,1920,1080,735,29.4,h264,
8f40be5e1a2b939af0ce4322504beeae,0002,True,25.0,1280,720,748,29.92,h264,
8f462d59d6d6d473b095139a4fb0e21a,0007,True,25.0,1280,720,751,30.04,h264,
906ab5ec007d147b23a7abfed94c0d08,0003,True,25.0,1920,1080,727,29.08,h264,
90f102e6cac0a552c86cb786eda7ecd5,0004,True,25.0,1920,1080,733,29.32,h264,
912ca5c6d30a178e7e6d287b9f89731f,0006,True,25.0,1920,1080,734,29.36,h264,
91e54408c8fda52adce7b728187e8575,0004,True,25.0,1920,1080,737,29.48,h264,
920287def49ad8a0ce5d0f4c20e0f307,0006,True,25.0,1280,720,747,29.88,h264,
923681cfb6a50fd3f2899b4f50a3103d,0001,True,25.0,1280,720,737,29.48,h264,
934189f5420eac66a25b17aebe881794,0005,True,25.0,1280,720,750,30.0,h264,
9383068e38219ad0b8178f68e19cb04d,0003,True,25.0,1920,1080,738,29.52,h264,
93b52efb0c87be3d17111925bc0f811c,0002,True,25.0,1280,720,728,29.12,h264,
95af2d1b91d71c21c817c10880b7ff22,0007,True,25.0,1920,1080,738,29.52,h264,
95cc20bbe6962a300c6544ee6c0dbad1,0001,True,25.0,1920,1080,744,29.76,h264,
95d88b7738f30c66f25506f194b65c69,0002,True,25.0,1280,720,732,29.28,h264,
9616e97f827e0577c38a0b15f524ee18,0006,True,25.0,1280,720,751,30.04,h264,
961bd63bf2c07cadea3eddfada49976f,0006,True,25.0,1920,1080,749,29.96,h264,
96272a5f2aff279a6b979bde181c2acc,0006,True,25.0,1280,720,732,29.28,h264,
9629f31edab2bee0d854ecc0bcd7bcb9,0003,True,25.0,1920,1080,751,30.04,h264,
965c98635a5d2924f87c1f42faa33ca4,0007,True,25.0,1920,1080,743,29.72,h264,
9686383926e8d2dcf72fe1f350c457ec,0005,True,25.0,1920,1080,733,29.32,h264,
972a4dacfa6e56804fe2b30af5b3274d,0003,True,25.0,1920,1080,741,29.64,h264,
975ce5438d2e4a52db01024cd52ba47a,0002,True,25.0,1920,1080,748,29.92,h264,
97bda82b0f4f6549e9d6df37c1af09e1,0002,True,25.0,1920,1080,739,29.56,h264,
97d1ff69c6ca560a5116f4cea4ea9066,0003,True,25.0,1920,1080,746,29.84,h264,
985d80c4d5b24c5ef0a6ab794d45a26f,0006,True,25.0,1920,1080,745,29.8,h264,
98873c9b94a6c42bed17b4d6d5c9eb09,0007,True,25.0,1920,1080,746,29.84,h264,
989d2b0bf5661f013ff5973970eaef96,0001,True,25.0,1920,1080,737,29.48,h264,
99640a0071e22c77ab6629da01762c3e,0005,True,25.0,1920,1080,735,29.4,h264,
99a2777256b54e4d14aa4a33114b60eb,0005,True,25.0,1920,1080,751,30.04,h264,
9a30477b7725a261eb958206b54f4d94,0005,True,25.0,1280,720,736,29.44,h264,
9af9d6e5212dcaede9e89a193d62953c,0006,True,25.0,1920,1080,739,29.56,h264,
9b26132ea815140a23e5e49ae2cb96dc,0001,True,25.0,1280,720,727,29.08,h264,
9b45b66c9bc58b96597522829272c29f,0005,True,25.0,1920,1080,741,29.64,h264,
9b77453c797728adaea750a743dfc240,0002,True,25.0,1920,1080,746,29.84,h264,
9be6546101b8957d9a9a834e1e5a1731,0005,True,25.0,1280,720,727,29.08,h264,
9bf15e0717ebd0abdea72c9430cb46f9,0002,True,25.0,1920,1080,739,29.56,h264,
9ce0776e7ba195b27ad8c32fdb59299f,0006,True,25.0,1280,720,748,29.92,h264,
9d0b96e81f9eaeec99810ace8ab74ab2,0001,True,25.0,1920,1080,732,29.28,h264,
9db2e8bbbbc2b64a96628981cce5541d,0007,True,25.0,1920,1080,749,29.96,h264,
9dd0632b23971b919e56aeac7e98d58b,0007,True,25.0,1920,1080,728,29.12,h264,
9e0ad8af8cc681adde299efa1187a03f,0005,True,25.0,1280,720,751,30.04,h264,
9e85d2d0d634aa1bbc8eb7e03249ac19,0001,True,25.0,1280,720,742,29.68,h264,
9e9468bb9d78443a309dfe000e4209d0,0003,True,25.0,1920,1080,737,29.48,h264,
9ea3c0aa87ce42410830a75484cf9d98,0003,True,25.0,1280,720,734,29.36,h264,
9ec8f8c92230a411c54341a747a8fa1f,0005,True,25.0,1920,1080,746,29.84,h264,
9f24d9407afdc73f8f6a58f694b06daa,0004,True,25.0,1280,720,750,30.0,h264,
9ff20f11a588dad61802c6bf3a5e4511,0006,True,25.0,1920,1080,730,29.2,h264,
a09767d1a66b93e220b040cfb2f87bf3,0006,True,25.0,1280,720,741,29.64,h264,
a09d2d662140580a73b05fdfea081884,0003,True,25.0,1920,1080,729,29.16,h264,
a1348037333885b22f81b6fbbe253956,0007,True,25.0,1920,1080,747,29.88,h264,
a157393fdf403190005612b64187462d,0004,True,25.0,1920,1080,727,29.08,h264,
a1c3227a12072648c268ecad0d05b5d5,0006,True,25.0,1920,1080,730,29.2,h264,
a216c31c22b92c7a1c10826717c04830,0003,True,25.0,1920,1080,738,29.52,h264,
a272384772439b852ad9e514c8c2362b,0002,True,25.0,1920,1080,747,29.88,h264,
a2baed74a279bd4f27bdc4b43f59b038,0001,True,25.0,1280,720,734,29.36,h264,
a2c9edbabadc9251582d8239035fadf4,0007,True,25.0,1280,720,732,29.28,h264,
a30463b5cf50991b25cd1cc626ed6f2d,0001,True,25.0,1280,720,751,30.04,h264,
a30c8d590e1ce6e33aeef2c070d07168,0004,True,25.0,1280,720,741,29.64,h264,
a3a9142d4d1146671b44c5cd995f416f,0001,True,25.0,1920,1080,748,29.92,h264,
a3fc655a99420ff42f20090aa931bd0d,0005,True,25.0,1920,1080,746,29.84,h264,
a465b2887f4dabce35cd2f60348f8b63,0002,True,25.0,1280,720,730,29.2,h264,
a490249016254999bba2f06526e92ffe,0006,True,25.0,1920,1080,735,29.4,h264,
a4dc2ffb11b2f1b8361a9408e6ccd77d,0003,True,25.0,1920,1080,744,29.76,h264,
a518a5e8ab9187b36ad20491479e589b,0002,True,25.0,1280,720,731,29.24,h264,
a572ef3e623542cb90c30cabfcb14dc2,0005,True,25.0,1920,1080,727,29.08,h264,
a5b1a0e8a73c4eb4b0a1566f23e4f2bf,0002,True,25.0,1920,1080,743,29.72,h264,
a5c77c76adea328e2794f1efe138a063,0004,True,25.0,1920,1080,734,29.36,h264,
a5fa762ebfa4a24781f765001fea1b5c,0003,True,25.0,1920,1080,745,29.8,h264,
a63cf8da24c7a970ffe524ff9b49136b,0003,True,25.0,1920,1080,740,29.6,h264,
a83e37c95abdb25f7f5463edc9c26f92,0005,True,25.0,1920,1080,749,29.96,h264,
a84a49b16a915caa4d36d0c7e7cc8e8e,0004,True,25.0,1920,1080,741,29.64,h264,
a8a7eb532b045bb820f6ab121a70b9a3,0002,True,25.0,1280,720,730,29.2,h264,
a8b166af80689b187436087f871b5b48,0005,True,25.0,1920,1080,742,29.68,h264,
a8c5de74f0eff10d822ffc77a1b22e2b,0005,True,25.0,1920,1080,732,29.28,h264,
a9449caf81975cf14cbe6842ae7b0ccd,0005,True,25.0,1920,1080,741,29.64,h264,
a94a7c609a1ff0410bb4f4d8577bd538,0006,True,25.0,1280,720,728,29.12,h264,
a9cb0d0b04e72292c3ca0159f154e504,0005,True,25.0,1280,720,738,29.52,h264,
aa5f3fffbe690e0941bd22dab1bacfa1,0005,True,25.0,1920,1080,735,29.4,h264,
aa984c88ac659e5959ca1273d60196e8,0002,True,25.0,1920,1080,748,29.92,h264,
aaaefd4397bca466f1be857c0196c1e3,0001,True,25.0,1280,720,751,30.04,h264,
aabd65a6412b8cc8ed0d0d457d9de380,0005,True,25.0,1920,1080,730,29.2,h264,
aaea1039d32065cf92d6230ec41a1980,0005,True,25.0,1280,720,746,29.84,h264,
ab8326844a700db56128e3e245a31745,0007,True,25.0,1920,1080,749,29.96,h264,
abf90582d755220b6fea445c304a8dbe,0004,True,25.0,1280,720,745,29.8,h264,
ac4886a3271bd71fbe8b0940ef33680b,0006,True,25.0,1280,720,744,29.76,h264,
accc4f815158610a21fae99314c90b00,0003,True,25.0,1920,1080,744,29.76,h264,
ad13412289e0f1360b1c2143d5c25517,0007,True,25.0,1280,720,730,29.2,h264,
ad2cef51a3f13dd86fb39d0cba6af8a8,0002,True,25.0,1920,1080,730,29.2,h264,
ad51f5cfa39f330d52673d754b4a1205,0001,True,25.0,1920,1080,734,29.36,h264,
ad6d9246705bacdb9c4189cc43f5ec48,0005,True,25.0,1920,1080,742,29.68,h264,
ad9719a191f8e1c89976b7fde5968b99,0001,True,25.0,1920,1080,740,29.6,h264,
b03503fc190b9696e10c7d4773f09093,0005,True,25.0,1280,720,730,29.2,h264,
b07a17ae1253873f5d414f1454fa25c5,0007,True,25.0,1280,720,751,30.04,h264,
b09503dee18366e88e4183f57ad2eb6c,0007,True,25.0,1280,720,740,29.6,h264,
b14681fd2a5cc011b81c2ba1440912db,0002,True,25.0,1280,720,741,29.64,h264,
b15669d9c0d7a20278a31d827e96784a,0003,True,25.0,1920,1080,739,29.56,h264,
b2a1a82b5b5ba16d7261f2bc52af393e,0002,True,25.0,1920,1080,734,29.36,h264,
b2bbc50053889110b8cc21ba98466d73,0002,True,25.0,1280,720,727,29.08,h264,
b3272492cb0baa39c0aad6fb00232f58,0005,True,25.0,1920,1080,731,29.24,h264,
b32db15143f801c5b012031fa2dfb9b9,0006,True,25.0,1920,1080,737,29.48,h264,
b396401c23909ead0a7f92ce92231cb2,0001,True,25.0,1280,720,745,29.8,h264,
b4071d193ac7f60322f202704e6bb215,0007,True,25.0,1920,1080,727,29.08,h264,
b40bfa08624adc889c0eb5fadea735dc,0002,True,25.0,1920,1080,737,29.48,h264,
b437eeec1be0714d5eb5c5c5bcc88593,0007,True,25.0,1920,1080,743,29.72,h264,
b4de21b9a777fa1e616bc9aa522166dc,0002,True,25.0,1280,720,744,29.76,h264,
b5e55fb6203593f6dacdb5526efdce93,0003,True,25.0,1280,720,737,29.48,h264,
b62970c815ce5f22caf806fceed77cda,0003,True,25.0,1280,720,728,29.12,h264,
b671b0254e091c0ca1f8564b05102cf8,0007,True,25.0,1920,1080,728,29.12,h264,
b68e634e6231e0cf74a605fde232f565,0002,True,25.0,1920,1080,733,29.32,h264,
b699b0053420909ed7cadf2760f00be9,0005,True,25.0,1920,1080,727,29.08,h264,
b71b438685e6ac293030ea62658691ef,0005,True,25.0,1920,1080,733,29.32,h264,
b724148aa1d17972575e7eaa444f2c9c,0004,True,25.0,1920,1080,733,29.32,h264,
b7dad7c55ba6413907b7b52b6dd9e29f,0006,True,25.0,1920,1080,751,30.04,h264,
b8b9844a6a0f70336a9c9a56bca754fc,0001,True,25.0,1280,720,729,29.16,h264,
b8e75187d716f70ccaf549a4ea5e8e08,0005,True,25.0,1280,720,733,29.32,h264,
b91bc3ef9caf831d61395be99608f80b,0007,True,25.0,1920,1080,747,29.88,h264,
b9bffdcda553d1c5a26071b0aa2f334c,0003,True,25.0,1280,720,728,29.12,h264,
bc1682f09ea17d9af741b8071531e937,0004,True,25.0,1920,1080,749,29.96,h264,
bc30b05b57b24b8f5c8275bdfc738048,0004,True,25.0,1920,1080,738,29.52,h264,
bc8e38d6cb714ac0c679b9d52d48bc20,0002,True,25.0,1920,1080,749,29.96,h264,
bc9b6eeb70db2a4d3609f72e0d7c4580,0005,True,25.0,1920,1080,741,29.64,h264,
bd409e64fe8ebc44be93787732fa8ba0,0002,True,25.0,1920,1080,743,29.72,h264,
bd95d2453b617369a2c2c58d34e25a9a,0001,True,25.0,1280,720,750,30.0,h264,
bda52a4cf1009652ed100fd2cac9664c,0003,True,25.0,1920,1080,750,30.0,h264,
be5e75a2c6eb5b286e2086e50cca014b,0004,True,25.0,1920,1080,742,29.68,h264,
bf19a6ab5c645d3706de4431e43bb1e5,0007,True,25.0,1920,1080,750,30.0,h264,
bf5e45814679f9a518284bdece832d5b,0002,True,25.0,1280,720,733,29.32,h264,
bfcbc1984a2af081c21b5d8ba56a9e12,0003,True,25.0,1920,1080,735,29.4,h264,
bfd80d0bc50dd22bba39911d14236c99,0007,True,25.0,1920,1080,746,29.84,h264,
c033099b2f5e5704c8b5096221a28e24,0004,True,25.0,1280,720,744,29.76,h264,
c05361e53c1d933a886b451887e73f47,0003,True,25.0,1920,1080,744,29.76,h264,
c0956f330da26fd28fed0e99585836fa,0002,True,25.0,1920,1080,746,29.84,h264,
c0e8abfc324e5d228532279675dfec44,0004,True,25.0,1920,1080,745,29.8,h264,
c0f1fedd52190db2e89559e9d7e2512a,0003,True,25.0,1920,1080,750,30.0,h264,
c13055b5ce1db8cbe5bfd5f802d0f6e7,0004,True,25.0,1920,1080,745,29.8,h264,
c15d3ec5e4b838ebda9507d753dfee77,0001,True,25.0,1280,720,735,29.4,h264,
c18ca9635ed7e2f327ea0fe548497985,0007,True,25.0,1920,1080,748,29.92,h264,
c1b094db145220992641c76d63150248,0006,True,25.0,1920,1080,746,29.84,h264,
c1c11a3a9d13de988c362858b6671d6e,0006,True,25.0,1280,720,740,29.6,h264,
c1d0a091f49c44956b47b097f2c4b5ed,0001,True,25.0,1920,1080,731,29.24,h264,
c1e3846777b4e473688392b15bd79985,0003,True,25.0,1920,1080,748,29.92,h264,
c20d469a51c3eedb694b7e23c5cc3df6,0007,True,25.0,1920,1080,734,29.36,h264,
c211668ee7d37126e6a4788329af05b6,0004,True,25.0,1280,720,738,29.52,h264,
c24a4e504f15dab4c541b0fcb49065b4,0002,True,25.0,1280,720,730,29.2,h264,
c25b131b81f16fd17f4f7a5691cb2011,0003,True,25.0,1920,1080,747,29.88,h264,
c29566b56bbbefee464ec0363e1fa00d,0005,True,25.0,1920,1080,746,29.84,h264,
c2ab0560fb88ecfbc6c1b6d3aa6ad61c,0007,True,25.0,1920,1080,741,29.64,h264,
c34260d42db01367b8dde99c11d13b9f,0003,True,25.0,1280,720,741,29.64,h264,
c43a20fe235b9008e51e48be2df03ed8,0007,True,25.0,1920,1080,731,29.24,h264,
c44fa0b847fac3f67a64a3671cf42b23,0002,True,25.0,1280,720,734,29.36,h264,
c4d418da87cec5d3129adef50d9bb018,0006,True,25.0,1920,1080,742,29.68,h264,
c4dade0ee3c048dd3ad8c6583f68caa9,0004,True,25.0,1280,720,747,29.88,h264,
c5864058ca4d8e8e0bfcf48166e5b7fc,0007,True,25.0,1920,1080,746,29.84,h264,
c587e3070e08e757c741057a473ff181,0001,True,25.0,1920,1080,736,29.44,h264,
c64e04dba4a406c495dbb266794a1f70,0006,True,25.0,1280,720,748,29.92,h264,
c69706997bb0904919d701de2d58549f,0006,True,25.0,1280,720,730,29.2,h264,
c6e4bf674bf80e3e3601a2272edf5418,0002,True,25.0,1920,1080,745,29.8,h264,
c756fbb6552f8e28f016ae7ce55c1032,0005,True,25.0,1920,1080,732,29.28,h264,
c76de4ff3dfddc803c3bf098365f9ba6,0002,True,25.0,1920,1080,728,29.12,h264,
c84b42f0d478be1751b51bf78d740c3a,0007,True,25.0,1920,1080,739,29.56,h264,
c8ad8883dfa1bf5f1e670a9f5855ba7e,0005,True,25.0,1280,720,733,29.32,h264,
c8ed15a4224d2ed77d30b286b0c42219,0005,True,25.0,1920,1080,735,29.4,h264,
c958a9acb5d6966069d827743a4f4c52,0001,True,25.0,1920,1080,742,29.68,h264,
ca1fef1ec97af5f1b30806c2e039355c,0005,True,25.0,1920,1080,749,29.96,h264,
ca27085299cdda2f54d0a2edea3580c4,0002,True,25.0,1280,720,751,30.04,h264,
ca94e3f8c819775031868306451cb804,0005,True,25.0,1280,720,742,29.68,h264,
caca224f1febd45d2cc02a5f2e688384,0006,True,25.0,1920,1080,727,29.08,h264,
cadc6546c00ed4dd656f2595e321310a,0002,True,25.0,1920,1080,747,29.88,h264,
cbc9fa5e3cffe677f7108432c60e6c10,0001,True,25.0,1920,1080,734,29.36,h264,
cbff386f31a978d1acc339e7b7389fa7,0004,True,25.0,1920,1080,744,29.76,h264,
cc396830f9036ed5f987001c45696024,0003,True,25.0,1920,1080,748,29.92,h264,
cc6b50a460296eac572b77136541f58b,0002,True,25.0,1920,1080,734,29.36,h264,
cc808baf5fceed38e17a17a5abd6ae16,0006,True,25.0,1920,1080,736,29.44,h264,
ccca1047b03e480b61f8655e3d7b977b,0006,True,25.0,1920,1080,742,29.68,h264,
ccffff10cf280f9fa1c4e83127e8f48a,0006,True,25.0,1280,720,728,29.12,h264,
ce51e5648e788860cc975c80a17baf0f,0005,True,25.0,1280,720,751,30.04,h264,
ce73d0ff4f7342d15923a10cfde99c7c,0006,True,25.0,1920,1080,738,29.52,h264,
ce864f48e101aab5dd47921bcf472443,0005,True,25.0,1280,720,748,29.92,h264,
ceb0c284d0f1c6be15ee917fb1de5beb,0007,True,25.0,1280,720,743,29.72,h264,
cec6157649e6440d5948b379222dacf0,0002,True,25.0,1920,1080,750,30.0,h264,
cf8ca9a79eda038ed1c020b7c65ee128,0004,True,25.0,1280,720,751,30.04,h264,
d0353342ef6991f769ff80d0656bf0c7,0004,True,25.0,1920,1080,735,29.4,h264,
d084e53e7bb9169a571219a978a118ab,0003,True,25.0,1280,720,749,29.96,h264,
d0e5b5937540567d2eb3d486575e8403,0004,True,25.0,1920,1080,744,29.76,h264,
d20fad1c71718aa20a951e513fa48697,0007,True,25.0,1280,720,727,29.08,h264,
d278f09cf2966187dfd2d7e4dcf601b2,0006,True,25.0,1280,720,748,29.92,h264,
d288c1a5c857f3bf2817ae9538be8469,0005,True,25.0,1920,1080,748,29.92,h264,
d368bd545cc279733b71d9eb0d1ac9c4,0007,True,25.0,1920,1080,730,29.2,h264,
d38ce3b263d11f93ab9afbf9d5b84e43,0001,True,25.0,1280,720,731,29.24,h264,
d3a13c3a37dde0f4f5f7c3da73fce226,0002,True,25.0,1280,720,742,29.68,h264,
d4103fc314f11ea614a4f77eade8117e,0004,True,25.0,1280,720,735,29.4,h264,
d41876a21396b33f319d58237fe4e0bc,0001,True,25.0,1920,1080,749,29.96,h264,
d47d11ab511ee30abd5ef4c4fd462490,0003,True,25.0,1280,720,728,29.12,h264,
d4af7dcc17c3a81ea49e33a5b3e36b25,0006,True,25.0,1280,720,741,29.64,h264,
d4b0d41047fc57c578a3bed0f6f91639,0007,True,25.0,1920,1080,750,30.0,h264,
d52b32b6b017d16a0d0212ce612ce879,0005,True,25.0,1920,1080,735,29.4,h264,
d53d4e770436ac93527094af569bdfdf,0006,True,25.0,1280,720,732,29.28,h264,
d5f467afa3b91c9f6e4b8ebcc1fba463,0005,True,25.0,1920,1080,728,29.12,h264,
d699ebeab216ce4790c2f84a95ee7b39,0005,True,25.0,1920,1080,733,29.32,h264,
d6c4330095ae36e02d09b6395f88d3a5,0004,True,25.0,1280,720,751,30.04,h264,
d6f6e84ec2edb7b0f4a82538856bc4a0,0007,True,25.0,1920,1080,729,29.16,h264,
d80fb60d88ff27c5aaad08fd0eda35a7,0005,True,25.0,1920,1080,748,29.92,h264,
d81ebf4f5c6a275ed9ded3df9afaef06,0004,True,25.0,1920,1080,740,29.6,h264,
d8665e2eff0ae77c3ef70c40d1fac396,0005,True,25.0,1280,720,740,29.6,h264,
d8696973df4909468aa036dcf9d5da56,0007,True,25.0,1920,1080,738,29.52,h264,
d9775fcc62a96277a53e51567c317e74,0002,True,25.0,1920,1080,744,29.76,h264,
d9d4dc5700cf7fd62d89cd013487ff10,0007,True,25.0,1280,720,744,29.76,h264,
da7006191aa4e7dd558e0c0ce93b8bbb,0007,True,25.0,1920,1080,741,29.64,h264,
da75bdbcd6a946bfc3c494edb34730c4,0003,True,25.0,1280,720,750,30.0,h264,
da7b4df9b58b0b796afe2f8cc136c0d2,0005,True,25.0,1280,720,730,29.2,h264,
dade7b26b8475cbf4dd77575060761f3,0001,True,25.0,1920,1080,751,30.04,h264,
db18d6cbc51b48af198b33145ba8e12d,0004,True,25.0,1920,1080,732,29.28,h264,
db235a33f6a99b174e3028fbfee64b9e,0006,True,25.0,1920,1080,742,29.68,h264,
db23b8331855109b8079052bc7b3d7fe,0005,True,25.0,1920,1080,734,29.36,h264,
db4f28b376437a9a56f1f64715f182b1,0002,True,25.0,1280,720,737,29.48,h264,
db6d6e8ec37814bc1ea44f62ef5c959a,0002,True,25.0,1280,720,750,30.0,h264,
db6e09b327fe38303bcb8a13dafc4c58,0003,True,25.0,1920,1080,751,30.04,h264,
db744d658a7708293342f5cfdb9d1a7f,0001,True,25.0,1920,1080,740,29.6,h264,
db91ba9cae5cc8842c8543bc5b69ea3c,0003,True,25.0,1920,1080,737,29.48,h264,
dbc9fd7e67f795b5fac970813146783e,0001,True,25.0,1280,720,735,29.4,h264,
dc78ecc91eea31cb6712e85c52e27f7b,0003,True,25.0,1920,1080,729,29.16,h264,
dc7e11d572d3d89b12febeffadfdbb00,0007,True,25.0,1920,1080,749,29.96,h264,
dcc42beb32b960cfaebb92cd517232ea,0007,True,25.0,1920,1080,728,29.12,h264,
dcdfec9a33d7d1c0454e1d3836d75667,0005,True,25.0,1280,720,747,29.88,h264,
dce62d8aab8a2927cf5a6d45fbee888b,0006,True,25.0,1280,720,749,29.96,h264,
dd015777eb9a9685cb85308e7a70e4f4,0001,True,25.0,1280,720,750,30.0,h264,
dd04a221a665d33f53852efab4a5b523,0006,True,25.0,1920,1080,733,29.32,h264,
dd0acce15721f8f452cb4427317c2702,0006,True,25.0,1920,1080,734,29.36,h264,
dd275b99e943fac42a8e612e2663ef08,0001,True,25.0,1920,1080,739,29.56,h264,
dd531132dfa4239010b8dd89a7d1d74d,0007,True,25.0,1920,1080,731,29.24,h264,
dd7de04d43a808d83d9579573ccd5fd2,0007,True,25.0,1920,1080,730,29.2,h264,
de1be56408469140a97203646261a803,0004,True,25.0,1920,1080,732,29.28,h264,
dec357be25dbf3008b74ce7871a804ba,0005,True,25.0,1920,1080,748,29.92,h264,
deca08968e90b53c2cb774ac44e359ba,0001,True,25.0,1920,1080,727,29.08,h264,
df1e40af64fc75ece10806a174be26a0,0004,True,25.0,1920,1080,749,29.96,h264,
df59ec74e3ea86ddc4e6e1a84d22c0cd,0002,True,25.0,1920,1080,743,29.72,h264,
df89b57f5c7a2aec0d680618d2e3ef6e,0003,True,25.0,1280,720,741,29.64,h264,
dfa1904c54a0be2d81e964bbdd7c1b50,0003,True,25.0,1280,720,746,29.84,h264,
e12e2d57ea9d8150890e604164852f68,0005,True,25.0,1280,720,745,29.8,h264,
e13674bb781671ba2340c002cb00e100,0007,True,25.0,1920,1080,740,29.6,h264,
e26232dd186deec11f7d2f2bc803f57c,0006,True,25.0,1920,1080,743,29.72,h264,
e321bdf6409167fda887a4eb67056308,0004,True,25.0,1280,720,751,30.04,h264,
e390c9b229a8867d083d8d8d4a141fbc,0003,True,25.0,1920,1080,732,29.28,h264,
e50fa0709101b71411ebf18f140049b1,0002,True,25.0,1280,720,747,29.88,h264,
e60604c15bedb3eb602a21da1c795ef3,0001,True,25.0,1920,1080,747,29.88,h264,
e64bfd1028036ab8a814912f40b7c1c5,0006,True,25.0,1920,1080,735,29.4,h264,
e79a05e4aee1af4c3a8726468a29a35f,0003,True,25.0,1920,1080,743,29.72,h264,
e7effba106a11bc9321e3baa4ffec9ee,0007,True,25.0,1920,1080,731,29.24,h264,
e7fca37881bbb46b38f69e2c329d0688,0006,True,25.0,1280,720,735,29.4,h264,
e991921656705a526d93fb6ced54a506,0007,True,25.0,1920,1080,745,29.8,h264,
e9b7200d5caeaa946d3db743000cd57c,0005,True,25.0,1280,720,729,29.16,h264,
e9e874def7f6bedf3c7d48b72a80f0ea,0002,True,25.0,1920,1080,735,29.4,h264,
e9faac9d920ae6d04b2950df53babfae,0003,True,25.0,1280,720,746,29.84,h264,
eb1f6133925c08b2de1e245975eb222c,0007,True,25.0,1920,1080,751,30.04,h264,
eba65f172362993e9bd91dc27d8ac991,0004,True,25.0,1280,720,738,29.52,h264,
ec44475dff5636a08eeef97b6e463ed0,0002,True,25.0,1280,720,728,29.12,h264,
ec7ed98bb887eccb8f84e3c85de2c73f,0002,True,25.0,1920,1080,746,29.84,h264,
ec9af337b5080dec98aa279338e0c731,0007,True,25.0,1920,1080,727,29.08,h264,
ed78d974314cea4c223c8341af28038d,0002,True,25.0,1280,720,733,29.32,h264,
ee5a6d9757272d73c82b43f41beb7c37,0006,True,25.0,1280,720,730,29.2,h264,
ee8a870447ddf8f1c64d0d1469268a2e,0003,True,25.0,1280,720,742,29.68,h264,
efc8f6ee0cb6620edcaf058c9348cc68,0006,True,25.0,1920,1080,740,29.6,h264,
f0009b05ae1e63ce5bf34c5bbe166ff9,0002,True,25.0,1280,720,747,29.88,h264,
f04177aae02065533b5bf98157df4549,0006,True,25.0,1280,720,737,29.48,h264,
f06086bcabea171c3f24c3cde81c0250,0001,True,25.0,1920,1080,729,29.16,h264,
f0db2671c290c703e52cae57f53a4839,0006,True,25.0,1920,1080,745,29.8,h264,
f0e4f3055507fe42b239ea6b8e20d5d1,0004,True,25.0,1920,1080,727,29.08,h264,
f19aed7c32d13ce978eafc8c8dbebffb,0006,True,25.0,1280,720,730,29.2,h264,
f1adb1728f3389c79bb7d5ec9a6be64e,0001,True,25.0,1280,720,745,29.8,h264,
f252c6479b42e808c658d89641a19d45,0004,True,25.0,1920,1080,735,29.4,h264,
f289d1d453d450dbdd2431d895f92183,0001,True,25.0,1280,720,733,29.32,h264,
f29b35c64805323a4d47a58c5a886d54,0004,True,25.0,1280,720,751,30.04,h264,
f2d35d87f75b7245d4059f981b8d0d4d,0006,True,25.0,1920,1080,731,29.24,h264,
f31c5883724615db008d0751b16ffc0c,0004,True,25.0,1920,1080,734,29.36,h264,
f4525a64301f356cd801f6f077a7809e,0006,True,25.0,1280,720,727,29.08,h264,
f4628ef6ca8ff2e90fc1b5f00bbe20cc,0001,True,25.0,1920,1080,731,29.24,h264,
f5776b7710e6f260489166969207a40e,0003,True,25.0,1920,1080,743,29.72,h264,
f5db7bf4c643aa84c4efc86d174549a7,0006,True,25.0,1920,1080,739,29.56,h264,
f5ebf0e797f8be587d223c4614ea2f96,0004,True,25.0,1920,1080,456,18.24,h264,
f5f6c4657f90baa05ccf9710bd16af0c,0001,True,25.0,1920,1080,732,29.28,h264,
f6093e599a7023dd47228eb2df6ac401,0003,True,25.0,1920,1080,729,29.16,h264,
f774281b9616ffa50e4dc37b899188fc,0003,True,25.0,1280,720,477,19.08,h264,
f813aab182570232ab132c68a92ea3c1,0004,True,25.0,1920,1080,738,29.52,h264,
f87b1873a442914cb563d72a849e2726,0006,True,25.0,1280,720,750,30.0,h264,
f89a9a4abaa3bd13eca98f1a3be83a94,0007,True,25.0,1920,1080,730,29.2,h264,
f8c70935591e684cce2230e0109016fd,0005,True,25.0,1280,720,750,30.0,h264,
f8ef3a5e2737169705cdd221c5d4d12c,0003,True,25.0,1920,1080,742,29.68,h264,
f8ff63e1d7e65fcca5d4be17d6dd5321,0006,True,25.0,1920,1080,728,29.12,h264,
f91364c6c7bf0ec1ae4b94fc24454993,0005,True,25.0,1920,1080,739,29.56,h264,
f93207e7156cd7240b066dad4ddab234,0001,True,25.0,1280,720,727,29.08,h264,
f9923d0ac91e2018660b2aa21634696d,0001,True,25.0,1280,720,731,29.24,h264,
fa6143dabe3f4d19aec7e94f27c1405b,0004,True,25.0,1920,1080,727,29.08,h264,
fa85a2d6ede8e63246683320d880bcdd,0005,True,25.0,1920,1080,728,29.12,h264,
fb18262d48fad1e4c0e426c18fe6715f,0001,True,25.0,1920,1080,727,29.08,h264,
fb30eef985bd6a920d25403012348bab,0003,True,25.0,1920,1080,740,29.6,h264,
fc4482aba8fd2de6791c54f65233e0bf,0006,True,25.0,1920,1080,743,29.72,h264,
fd353ce8dbafaa96f12bfd854262642a,0001,True,25.0,1920,1080,737,29.48,h264,
fd551084cb77facfc263db5c568db3b5,0002,True,25.0,1920,1080,736,29.44,h264,
fdc83fb08cb6b7b2dec834bf7afa543a,0007,True,25.0,1920,1080,736,29.44,h264,
fe4381d39f2eaca72dd042cddbdee106,0004,True,25.0,1280,720,740,29.6,h264,
fe4766b413e33834a8e8f7dd9d204072,0007,True,25.0,1280,720,731,29.24,h264,
fed7b2ff45699c084131668b4124480a,0006,True,25.0,1280,720,747,29.88,h264,
feeb25cadcf1dc1093f349d8b11b16bf,0001,True,25.0,1280,720,748,29.92,h264,
ffb038f5a2b2f30c46ce2cbf7aec9932,0007,True,25.0,1920,1080,737,29.48,h264,
fff69abd5f811a4fa65f6c71247c8f96,0006,True,25.0,1280,720,742,29.68,h264,
